"filename", "language", "TypeScript", "SQL", "YAML", "Python", "toml", "TypeScript JSX", "Markdown", "CSS", "Docker", "HTML", "JSON with Comments", "JavaScript", "JSON", "XML", "comment", "blank", "total"
"/Users/helen/Coding/finpanel_web/backend/Dockerfile", "Docker", 0, 0, 0, 0, 0, 0, 0, 0, 33, 0, 0, 0, 0, 0, 6, 26, 65
"/Users/helen/Coding/finpanel_web/backend/README.md", "Markdown", 0, 0, 0, 0, 0, 0, 0, 0, 0, 0, 0, 0, 0, 0, 0, 1, 1
"/Users/helen/Coding/finpanel_web/backend/app/__init__.py", "Python", 0, 0, 0, 0, 0, 0, 0, 0, 0, 0, 0, 0, 0, 0, 0, 1, 1
"/Users/helen/Coding/finpanel_web/backend/app/api/__init__.py", "Python", 0, 0, 0, 0, 0, 0, 0, 0, 0, 0, 0, 0, 0, 0, 0, 1, 1
"/Users/helen/Coding/finpanel_web/backend/app/api/api.py", "Python", 0, 0, 0, 4, 0, 0, 0, 0, 0, 0, 0, 0, 0, 0, 6, 3, 13
"/Users/helen/Coding/finpanel_web/backend/app/api/crud.py", "Python", 0, 0, 0, 109, 0, 0, 0, 0, 0, 0, 0, 0, 0, 0, 2, 15, 126
"/Users/helen/Coding/finpanel_web/backend/app/api/endpoints/__init__.py", "Python", 0, 0, 0, 0, 0, 0, 0, 0, 0, 0, 0, 0, 0, 0, 0, 1, 1
"/Users/helen/Coding/finpanel_web/backend/app/api/endpoints/conversation.py", "Python", 0, 0, 0, 0, 0, 0, 0, 0, 0, 0, 0, 0, 0, 0, 170, 18, 188
"/Users/helen/Coding/finpanel_web/backend/app/api/endpoints/documents.py", "Python", 0, 0, 0, 9, 0, 0, 0, 0, 0, 0, 0, 0, 0, 0, 30, 10, 49
"/Users/helen/Coding/finpanel_web/backend/app/api/endpoints/generator.py", "Python", 0, 0, 0, 102, 0, 0, 0, 0, 0, 0, 0, 0, 0, 0, 56, 41, 199
"/Users/helen/Coding/finpanel_web/backend/app/api/endpoints/health.py", "Python", 0, 0, 0, 13, 0, 0, 0, 0, 0, 0, 0, 0, 0, 0, 0, 5, 18
"/Users/helen/Coding/finpanel_web/backend/app/api/endpoints/metrics.py", "Python", 0, 0, 0, 16, 0, 0, 0, 0, 0, 0, 0, 0, 0, 0, 0, 6, 22
"/Users/helen/Coding/finpanel_web/backend/app/api/endpoints/reports.py", "Python", 0, 0, 0, 0, 0, 0, 0, 0, 0, 0, 0, 0, 0, 0, 0, 1, 1
"/Users/helen/Coding/finpanel_web/backend/app/chat/__init__.py", "Python", 0, 0, 0, 0, 0, 0, 0, 0, 0, 0, 0, 0, 0, 0, 0, 1, 1
"/Users/helen/Coding/finpanel_web/backend/app/chat/constants.py", "Python", 0, 0, 0, 16, 0, 0, 0, 0, 0, 0, 0, 0, 0, 0, 0, 5, 21
"/Users/helen/Coding/finpanel_web/backend/app/chat/engine.py", "Python", 0, 0, 0, 280, 0, 0, 0, 0, 0, 0, 0, 0, 0, 0, 5, 35, 320
"/Users/helen/Coding/finpanel_web/backend/app/chat/messaging.py", "Python", 0, 0, 0, 148, 0, 0, 0, 0, 0, 0, 0, 0, 0, 0, 0, 21, 169
"/Users/helen/Coding/finpanel_web/backend/app/chat/qa_response_synth.py", "Python", 0, 0, 0, 55, 0, 0, 0, 0, 0, 0, 0, 0, 0, 0, 1, 5, 61
"/Users/helen/Coding/finpanel_web/backend/app/chat/tools.py", "Python", 0, 0, 0, 130, 0, 0, 0, 0, 0, 0, 0, 0, 0, 0, 2, 30, 162
"/Users/helen/Coding/finpanel_web/backend/app/chat/utils.py", "Python", 0, 0, 0, 17, 0, 0, 0, 0, 0, 0, 0, 0, 0, 0, 0, 4, 21
"/Users/helen/Coding/finpanel_web/backend/app/core/__init__.py", "Python", 0, 0, 0, 0, 0, 0, 0, 0, 0, 0, 0, 0, 0, 0, 0, 1, 1
"/Users/helen/Coding/finpanel_web/backend/app/core/config.py", "Python", 0, 0, 0, 137, 0, 0, 0, 0, 0, 0, 0, 0, 0, 0, 14, 33, 184
"/Users/helen/Coding/finpanel_web/backend/app/db/base.py", "Python", 0, 0, 0, 36, 0, 0, 0, 0, 0, 0, 0, 0, 0, 0, 0, 6, 42
"/Users/helen/Coding/finpanel_web/backend/app/documents/__init__.py", "Python", 0, 0, 0, 0, 0, 0, 0, 0, 0, 0, 0, 0, 0, 0, 0, 1, 1
"/Users/helen/Coding/finpanel_web/backend/app/documents/download_sec_filings.py", "Python", 0, 0, 0, 83, 0, 0, 0, 0, 0, 0, 0, 0, 0, 0, 46, 20, 149
"/Users/helen/Coding/finpanel_web/backend/app/documents/file_utils.py", "Python", 0, 0, 0, 139, 0, 0, 0, 0, 0, 0, 0, 0, 0, 0, 1, 23, 163
"/Users/helen/Coding/finpanel_web/backend/app/documents/stock_utils.py", "Python", 0, 0, 0, 31, 0, 0, 0, 0, 0, 0, 0, 0, 0, 0, 2, 12, 45
"/Users/helen/Coding/finpanel_web/backend/app/documents/upsert_db_sec_documents.py", "Python", 0, 0, 0, 105, 0, 0, 0, 0, 0, 0, 0, 0, 0, 0, 12, 19, 136
"/Users/helen/Coding/finpanel_web/backend/app/main.py", "Python", 0, 0, 0, 59, 0, 0, 0, 0, 0, 0, 0, 0, 0, 0, 27, 24, 110
"/Users/helen/Coding/finpanel_web/backend/app/metrics/__init__.py", "Python", 0, 0, 0, 0, 0, 0, 0, 0, 0, 0, 0, 0, 0, 0, 0, 1, 1
"/Users/helen/Coding/finpanel_web/backend/app/metrics/fetch_metrics.py", "Python", 0, 0, 0, 6, 0, 0, 0, 0, 0, 0, 0, 0, 0, 0, 0, 3, 9
"/Users/helen/Coding/finpanel_web/backend/app/models/__init__.py", "Python", 0, 0, 0, 0, 0, 0, 0, 0, 0, 0, 0, 0, 0, 0, 0, 1, 1
"/Users/helen/Coding/finpanel_web/backend/app/models/base.py", "Python", 0, 0, 0, 14, 0, 0, 0, 0, 0, 0, 0, 0, 0, 0, 1, 6, 21
"/Users/helen/Coding/finpanel_web/backend/app/models/db.py", "Python", 0, 0, 0, 77, 0, 0, 0, 0, 0, 0, 0, 0, 0, 0, 2, 26, 105
"/Users/helen/Coding/finpanel_web/backend/app/reports/__init__.py", "Python", 0, 0, 0, 0, 0, 0, 0, 0, 0, 0, 0, 0, 0, 0, 0, 1, 1
"/Users/helen/Coding/finpanel_web/backend/app/reports/constants.py", "Python", 0, 0, 0, 15, 0, 0, 0, 0, 0, 0, 0, 0, 0, 0, 0, 7, 22
"/Users/helen/Coding/finpanel_web/backend/app/reports/engine.py", "Python", 0, 0, 0, 165, 0, 0, 0, 0, 0, 0, 0, 0, 0, 0, 33, 37, 235
"/Users/helen/Coding/finpanel_web/backend/app/reports/messaging.py", "Python", 0, 0, 0, 148, 0, 0, 0, 0, 0, 0, 0, 0, 0, 0, 0, 21, 169
"/Users/helen/Coding/finpanel_web/backend/app/reports/tools.py", "Python", 0, 0, 0, 0, 0, 0, 0, 0, 0, 0, 0, 0, 0, 0, 0, 1, 1
"/Users/helen/Coding/finpanel_web/backend/app/schema.py", "Python", 0, 0, 0, 129, 0, 0, 0, 0, 0, 0, 0, 0, 0, 0, 2, 45, 176
"/Users/helen/Coding/finpanel_web/backend/app/supabase/__init__.py", "Python", 0, 0, 0, 0, 0, 0, 0, 0, 0, 0, 0, 0, 0, 0, 0, 1, 1
"/Users/helen/Coding/finpanel_web/backend/app/supabase/client.py", "Python", 0, 0, 0, 8, 0, 0, 0, 0, 0, 0, 0, 0, 0, 0, 0, 3, 11
"/Users/helen/Coding/finpanel_web/backend/app/utils/contexts.py", "Python", 0, 0, 0, 63, 0, 0, 0, 0, 0, 0, 0, 0, 0, 0, 12, 11, 86
"/Users/helen/Coding/finpanel_web/backend/data/sec-edgar-filings/0001018724/10-K/0001018724-24-000008/primary-document.html", "HTML", 0, 0, 0, 0, 0, 0, 0, 0, 0, 3, 0, 0, 0, 0, 0, 3, 6
"/Users/helen/Coding/finpanel_web/backend/data/sec-edgar-filings/0001018724/10-Q/0001018724-23-000018/primary-document.html", "HTML", 0, 0, 0, 0, 0, 0, 0, 0, 0, 2, 0, 0, 0, 0, 0, 3, 5
"/Users/helen/Coding/finpanel_web/backend/poetry.lock", "toml", 0, 0, 0, 0, 3954, 0, 0, 0, 0, 0, 0, 0, 0, 0, 0, 298, 4252
"/Users/helen/Coding/finpanel_web/backend/pyproject.toml", "toml", 0, 0, 0, 0, 48, 0, 0, 0, 0, 0, 0, 0, 0, 0, 0, 6, 54
"/Users/helen/Coding/finpanel_web/backend/scripts/data/sec-edgar-filings/0001018724/10-K/0001018724-24-000008/primary-document.html", "HTML", 0, 0, 0, 0, 0, 0, 0, 0, 0, 3, 0, 0, 0, 0, 0, 3, 6
"/Users/helen/Coding/finpanel_web/backend/scripts/data/sec-edgar-filings/0001018724/10-Q/0001018724-23-000018/primary-document.html", "HTML", 0, 0, 0, 0, 0, 0, 0, 0, 0, 2, 0, 0, 0, 0, 0, 3, 5
"/Users/helen/Coding/finpanel_web/backend/scripts/download_sec_pdf.py", "Python", 0, 0, 0, 76, 0, 0, 0, 0, 0, 0, 0, 0, 0, 0, 39, 16, 131
"/Users/helen/Coding/finpanel_web/backend/scripts/file_utils.py", "Python", 0, 0, 0, 139, 0, 0, 0, 0, 0, 0, 0, 0, 0, 0, 1, 23, 163
"/Users/helen/Coding/finpanel_web/docker-compose.yml", "YAML", 0, 0, 21, 0, 0, 0, 0, 0, 0, 0, 0, 0, 0, 0, 2, 0, 23
"/Users/helen/Coding/finpanel_web/frontend/.eslintrc.json", "JSON with Comments", 0, 0, 0, 0, 0, 0, 0, 0, 0, 0, 6, 0, 0, 0, 1, 1, 8
"/Users/helen/Coding/finpanel_web/frontend/.prettierrc.json", "JSON", 0, 0, 0, 0, 0, 0, 0, 0, 0, 0, 0, 0, 12, 0, 0, 1, 13
"/Users/helen/Coding/finpanel_web/frontend/Dockerfile", "Docker", 0, 0, 0, 0, 0, 0, 0, 0, 49, 0, 0, 0, 0, 0, 18, 25, 92
"/Users/helen/Coding/finpanel_web/frontend/README.md", "Markdown", 0, 0, 0, 0, 0, 0, 23, 0, 0, 0, 0, 0, 0, 0, 0, 14, 37
"/Users/helen/Coding/finpanel_web/frontend/components.json", "JSON", 0, 0, 0, 0, 0, 0, 0, 0, 0, 0, 0, 0, 17, 0, 0, 0, 17
"/Users/helen/Coding/finpanel_web/frontend/middleware.ts", "TypeScript", 10, 0, 0, 0, 0, 0, 0, 0, 0, 0, 0, 0, 0, 0, 8, 3, 21
"/Users/helen/Coding/finpanel_web/frontend/next.config.mjs", "JavaScript", 0, 0, 0, 0, 0, 0, 0, 0, 0, 0, 0, 26, 0, 0, 19, 10, 55
"/Users/helen/Coding/finpanel_web/frontend/package.json", "JSON", 0, 0, 0, 0, 0, 0, 0, 0, 0, 0, 0, 0, 134, 0, 0, 1, 135
"/Users/helen/Coding/finpanel_web/frontend/pnpm-lock.yaml", "YAML", 0, 0, 6331, 0, 0, 0, 0, 0, 0, 0, 0, 0, 0, 0, 0, 792, 7123
"/Users/helen/Coding/finpanel_web/frontend/postcss.config.js", "JavaScript", 0, 0, 0, 0, 0, 0, 0, 0, 0, 0, 0, 7, 0, 0, 0, 1, 8
"/Users/helen/Coding/finpanel_web/frontend/public/next.svg", "XML", 0, 0, 0, 0, 0, 0, 0, 0, 0, 0, 0, 0, 0, 1, 0, 0, 1
"/Users/helen/Coding/finpanel_web/frontend/public/vercel.svg", "XML", 0, 0, 0, 0, 0, 0, 0, 0, 0, 0, 0, 0, 0, 1, 0, 0, 1
"/Users/helen/Coding/finpanel_web/frontend/sentry.client.config.ts", "TypeScript", 15, 0, 0, 0, 0, 0, 0, 0, 0, 0, 0, 0, 0, 0, 9, 8, 32
"/Users/helen/Coding/finpanel_web/frontend/sentry.edge.config.ts", "TypeScript", 7, 0, 0, 0, 0, 0, 0, 0, 0, 0, 0, 0, 0, 0, 6, 5, 18
"/Users/helen/Coding/finpanel_web/frontend/sentry.server.config.ts", "TypeScript", 7, 0, 0, 0, 0, 0, 0, 0, 0, 0, 0, 0, 0, 0, 7, 6, 20
"/Users/helen/Coding/finpanel_web/frontend/src/app/(auth)/components/AuthForm.tsx", "TypeScript JSX", 0, 0, 0, 0, 0, 59, 0, 0, 0, 0, 0, 0, 0, 0, 1, 9, 69
"/Users/helen/Coding/finpanel_web/frontend/src/app/(auth)/components/BrandSubmitButton.tsx", "TypeScript JSX", 0, 0, 0, 0, 0, 39, 0, 0, 0, 0, 0, 0, 0, 0, 3, 6, 48
"/Users/helen/Coding/finpanel_web/frontend/src/app/(auth)/components/SubmitButton.tsx", "TypeScript JSX", 0, 0, 0, 0, 0, 18, 0, 0, 0, 0, 0, 0, 0, 0, 3, 6, 27
"/Users/helen/Coding/finpanel_web/frontend/src/app/(auth)/components/formActions.ts", "TypeScript", 16, 0, 0, 0, 0, 0, 0, 0, 0, 0, 0, 0, 0, 0, 0, 7, 23
"/Users/helen/Coding/finpanel_web/frontend/src/app/(auth)/layout.tsx", "TypeScript JSX", 0, 0, 0, 0, 0, 40, 0, 0, 0, 0, 0, 0, 0, 0, 33, 3, 76
"/Users/helen/Coding/finpanel_web/frontend/src/app/(auth)/login/page.tsx", "TypeScript JSX", 0, 0, 0, 0, 0, 92, 0, 0, 0, 0, 0, 0, 0, 0, 62, 14, 168
"/Users/helen/Coding/finpanel_web/frontend/src/app/(auth)/register/page.tsx", "TypeScript JSX", 0, 0, 0, 0, 0, 113, 0, 0, 0, 0, 0, 0, 0, 0, 12, 8, 133
"/Users/helen/Coding/finpanel_web/frontend/src/app/(protected)/layout.tsx", "TypeScript JSX", 0, 0, 0, 0, 0, 29, 0, 0, 0, 0, 0, 0, 0, 0, 0, 6, 35
"/Users/helen/Coding/finpanel_web/frontend/src/app/(protected)/reports/[url]/EditorComponent.tsx", "TypeScript JSX", 0, 0, 0, 0, 0, 112, 0, 0, 0, 0, 0, 0, 0, 0, 23, 13, 148
"/Users/helen/Coding/finpanel_web/frontend/src/app/(protected)/reports/[url]/page.tsx", "TypeScript JSX", 0, 0, 0, 0, 0, 84, 0, 0, 0, 0, 0, 0, 0, 0, 1, 17, 102
"/Users/helen/Coding/finpanel_web/frontend/src/app/(protected)/reports/[url]/prompts.ts", "TypeScript", 114, 0, 0, 0, 0, 0, 0, 0, 0, 0, 0, 0, 0, 0, 0, 38, 152
"/Users/helen/Coding/finpanel_web/frontend/src/app/(protected)/reports/all/AllReportsTable.tsx", "TypeScript JSX", 0, 0, 0, 0, 0, 148, 0, 0, 0, 0, 0, 0, 0, 0, 0, 9, 157
"/Users/helen/Coding/finpanel_web/frontend/src/app/(protected)/reports/all/page.tsx", "TypeScript JSX", 0, 0, 0, 0, 0, 35, 0, 0, 0, 0, 0, 0, 0, 0, 6, 9, 50
"/Users/helen/Coding/finpanel_web/frontend/src/app/(protected)/reports/new/page.tsx", "TypeScript JSX", 0, 0, 0, 0, 0, 253, 0, 0, 0, 0, 0, 0, 0, 0, 35, 22, 310
"/Users/helen/Coding/finpanel_web/frontend/src/app/(protected)/reports/page.tsx", "TypeScript JSX", 0, 0, 0, 0, 0, 4, 0, 0, 0, 0, 0, 0, 0, 0, 0, 2, 6
"/Users/helen/Coding/finpanel_web/frontend/src/app/api/chat/route.ts", "TypeScript", 16, 0, 0, 0, 0, 0, 0, 0, 0, 0, 0, 0, 0, 0, 5, 6, 27
"/Users/helen/Coding/finpanel_web/frontend/src/app/api/completion/route.ts", "TypeScript", 16, 0, 0, 0, 0, 0, 0, 0, 0, 0, 0, 0, 0, 0, 13, 7, 36
"/Users/helen/Coding/finpanel_web/frontend/src/app/api/generation/route.ts", "TypeScript", 30, 0, 0, 0, 0, 0, 0, 0, 0, 0, 0, 0, 0, 0, 17, 9, 56
"/Users/helen/Coding/finpanel_web/frontend/src/app/api/image/route.ts", "TypeScript", 19, 0, 0, 0, 0, 0, 0, 0, 0, 0, 0, 0, 0, 0, 0, 5, 24
"/Users/helen/Coding/finpanel_web/frontend/src/app/auth/callback/route.ts", "TypeScript", 12, 0, 0, 0, 0, 0, 0, 0, 0, 0, 0, 0, 0, 0, 4, 4, 20
"/Users/helen/Coding/finpanel_web/frontend/src/app/chart/page.tsx", "TypeScript JSX", 0, 0, 0, 0, 0, 117, 0, 0, 0, 0, 0, 0, 0, 0, 16, 11, 144
"/Users/helen/Coding/finpanel_web/frontend/src/app/editor.css", "CSS", 0, 0, 0, 0, 0, 0, 0, 79, 0, 0, 0, 0, 0, 0, 0, 19, 98
"/Users/helen/Coding/finpanel_web/frontend/src/app/global-error.tsx", "TypeScript JSX", 0, 0, 0, 0, 0, 22, 0, 0, 0, 0, 0, 0, 0, 0, 0, 4, 26
"/Users/helen/Coding/finpanel_web/frontend/src/app/globals.css", "CSS", 0, 0, 0, 0, 0, 0, 0, 56, 0, 0, 0, 0, 0, 0, 0, 23, 79
"/Users/helen/Coding/finpanel_web/frontend/src/app/layout.tsx", "TypeScript JSX", 0, 0, 0, 0, 0, 30, 0, 0, 0, 0, 0, 0, 0, 0, 0, 5, 35
"/Users/helen/Coding/finpanel_web/frontend/src/app/page.tsx", "TypeScript JSX", 0, 0, 0, 0, 0, 3, 0, 0, 0, 0, 0, 0, 0, 0, 0, 1, 4
"/Users/helen/Coding/finpanel_web/frontend/src/components/OldNavBar/NavBar.tsx", "TypeScript JSX", 0, 0, 0, 0, 0, 58, 0, 0, 0, 0, 0, 0, 0, 0, 0, 8, 66
"/Users/helen/Coding/finpanel_web/frontend/src/components/OldNavBar/index.tsx", "TypeScript JSX", 0, 0, 0, 0, 0, 1, 0, 0, 0, 0, 0, 0, 0, 0, 0, 1, 2
"/Users/helen/Coding/finpanel_web/frontend/src/components/ReactQueryClientProvider.tsx", "TypeScript JSX", 0, 0, 0, 0, 0, 22, 0, 0, 0, 0, 0, 0, 0, 0, 2, 3, 27
"/Users/helen/Coding/finpanel_web/frontend/src/components/RightSidebar/RightSidebar.tsx", "TypeScript JSX", 0, 0, 0, 0, 0, 31, 0, 0, 0, 0, 0, 0, 0, 0, 1, 5, 37
"/Users/helen/Coding/finpanel_web/frontend/src/components/RightSidebar/components/Audit.tsx", "TypeScript JSX", 0, 0, 0, 0, 0, 68, 0, 0, 0, 0, 0, 0, 0, 0, 3, 5, 76
"/Users/helen/Coding/finpanel_web/frontend/src/components/RightSidebar/components/InspectCitation.tsx", "TypeScript JSX", 0, 0, 0, 0, 0, 22, 0, 0, 0, 0, 0, 0, 0, 0, 0, 6, 28
"/Users/helen/Coding/finpanel_web/frontend/src/components/RightSidebar/index.ts", "TypeScript", 1, 0, 0, 0, 0, 0, 0, 0, 0, 0, 0, 0, 0, 0, 0, 1, 2
"/Users/helen/Coding/finpanel_web/frontend/src/components/TableOfContents/TableOfContents.tsx", "TypeScript JSX", 0, 0, 0, 0, 0, 52, 0, 0, 0, 0, 0, 0, 0, 0, 0, 10, 62
"/Users/helen/Coding/finpanel_web/frontend/src/components/TableOfContents/index.tsx", "TypeScript JSX", 0, 0, 0, 0, 0, 1, 0, 0, 0, 0, 0, 0, 0, 0, 0, 1, 2
"/Users/helen/Coding/finpanel_web/frontend/src/components/Toolbar/EditorToolbar.tsx", "TypeScript JSX", 0, 0, 0, 0, 0, 176, 0, 0, 0, 0, 0, 0, 0, 0, 20, 5, 201
"/Users/helen/Coding/finpanel_web/frontend/src/components/Toolbar/components/AIDropdown.tsx", "TypeScript JSX", 0, 0, 0, 0, 0, 115, 0, 0, 0, 0, 0, 0, 0, 0, 19, 4, 138
"/Users/helen/Coding/finpanel_web/frontend/src/components/Toolbar/components/ContentTypePicker.tsx", "TypeScript JSX", 0, 0, 0, 0, 0, 62, 0, 0, 0, 0, 0, 0, 0, 0, 0, 8, 70
"/Users/helen/Coding/finpanel_web/frontend/src/components/Toolbar/components/EditLinkPopover.tsx", "TypeScript JSX", 0, 0, 0, 0, 0, 21, 0, 0, 0, 0, 0, 0, 0, 0, 0, 3, 24
"/Users/helen/Coding/finpanel_web/frontend/src/components/Toolbar/components/FontFamilyPicker.tsx", "TypeScript JSX", 0, 0, 0, 0, 0, 69, 0, 0, 0, 0, 0, 0, 0, 0, 0, 7, 76
"/Users/helen/Coding/finpanel_web/frontend/src/components/Toolbar/components/FontSizePicker.tsx", "TypeScript JSX", 0, 0, 0, 0, 0, 45, 0, 0, 0, 0, 0, 0, 0, 0, 0, 6, 51
"/Users/helen/Coding/finpanel_web/frontend/src/components/Toolbar/hooks/useTextmenuCommands.ts", "TypeScript", 56, 0, 0, 0, 0, 0, 0, 0, 0, 0, 0, 0, 0, 0, 31, 9, 96
"/Users/helen/Coding/finpanel_web/frontend/src/components/Toolbar/hooks/useTextmenuContentTypes.ts", "TypeScript", 95, 0, 0, 0, 0, 0, 0, 0, 0, 0, 0, 0, 0, 0, 14, 3, 112
"/Users/helen/Coding/finpanel_web/frontend/src/components/Toolbar/hooks/useTextmenuStates.ts", "TypeScript", 40, 0, 0, 0, 0, 0, 0, 0, 0, 0, 0, 0, 0, 0, 0, 6, 46
"/Users/helen/Coding/finpanel_web/frontend/src/components/Toolbar/index.ts", "TypeScript", 1, 0, 0, 0, 0, 0, 0, 0, 0, 0, 0, 0, 0, 0, 0, 1, 2
"/Users/helen/Coding/finpanel_web/frontend/src/components/Toolbar/types.ts", "TypeScript", 18, 0, 0, 0, 0, 0, 0, 0, 0, 0, 0, 0, 0, 0, 0, 3, 21
"/Users/helen/Coding/finpanel_web/frontend/src/components/TopBar/TopBar.tsx", "TypeScript JSX", 0, 0, 0, 0, 0, 84, 0, 0, 0, 0, 0, 0, 0, 0, 5, 6, 95
"/Users/helen/Coding/finpanel_web/frontend/src/components/TopBar/export/ExportButton.tsx", "TypeScript JSX", 0, 0, 0, 0, 0, 51, 0, 0, 0, 0, 0, 0, 0, 0, 1, 9, 61
"/Users/helen/Coding/finpanel_web/frontend/src/components/TopBar/export/components/docxExport.ts", "TypeScript", 508, 0, 0, 0, 0, 0, 0, 0, 0, 0, 0, 0, 0, 0, 14, 15, 537
"/Users/helen/Coding/finpanel_web/frontend/src/components/TopBar/index.tsx", "TypeScript JSX", 0, 0, 0, 0, 0, 0, 0, 0, 0, 0, 0, 0, 0, 0, 0, 1, 1
"/Users/helen/Coding/finpanel_web/frontend/src/components/chat/AiChat.tsx", "TypeScript JSX", 0, 0, 0, 0, 0, 23, 0, 0, 0, 0, 0, 0, 0, 0, 0, 4, 27
"/Users/helen/Coding/finpanel_web/frontend/src/components/chat/index.ts", "TypeScript", 1, 0, 0, 0, 0, 0, 0, 0, 0, 0, 0, 0, 0, 0, 0, 1, 2
"/Users/helen/Coding/finpanel_web/frontend/src/components/header/Header.tsx", "TypeScript JSX", 0, 0, 0, 0, 0, 85, 0, 0, 0, 0, 0, 0, 0, 0, 0, 4, 89
"/Users/helen/Coding/finpanel_web/frontend/src/components/header/actions.ts", "TypeScript", 8, 0, 0, 0, 0, 0, 0, 0, 0, 0, 0, 0, 0, 0, 0, 4, 12
"/Users/helen/Coding/finpanel_web/frontend/src/components/header/index.ts", "TypeScript", 0, 0, 0, 0, 0, 0, 0, 0, 0, 0, 0, 0, 0, 0, 0, 1, 1
"/Users/helen/Coding/finpanel_web/frontend/src/components/menus/ContentItemMenu/ContentItemMenu.tsx", "TypeScript JSX", 0, 0, 0, 0, 0, 81, 0, 0, 0, 0, 0, 0, 0, 0, 0, 6, 87
"/Users/helen/Coding/finpanel_web/frontend/src/components/menus/ContentItemMenu/hooks/useContentItemActions.tsx", "TypeScript JSX", 0, 0, 0, 0, 0, 62, 0, 0, 0, 0, 0, 0, 0, 0, 0, 17, 79
"/Users/helen/Coding/finpanel_web/frontend/src/components/menus/ContentItemMenu/hooks/useData.tsx", "TypeScript JSX", 0, 0, 0, 0, 0, 23, 0, 0, 0, 0, 0, 0, 0, 0, 0, 5, 28
"/Users/helen/Coding/finpanel_web/frontend/src/components/menus/ContentItemMenu/index.tsx", "TypeScript JSX", 0, 0, 0, 0, 0, 1, 0, 0, 0, 0, 0, 0, 0, 0, 0, 1, 2
"/Users/helen/Coding/finpanel_web/frontend/src/components/menus/LinkMenu/LinkMenu.tsx", "TypeScript JSX", 0, 0, 0, 0, 0, 65, 0, 0, 0, 0, 0, 0, 0, 0, 0, 12, 77
"/Users/helen/Coding/finpanel_web/frontend/src/components/menus/LinkMenu/index.tsx", "TypeScript JSX", 0, 0, 0, 0, 0, 1, 0, 0, 0, 0, 0, 0, 0, 0, 0, 1, 2
"/Users/helen/Coding/finpanel_web/frontend/src/components/menus/TextMenu/TextMenu.tsx", "TypeScript JSX", 0, 0, 0, 0, 0, 184, 0, 0, 0, 0, 0, 0, 0, 0, 19, 5, 208
"/Users/helen/Coding/finpanel_web/frontend/src/components/menus/TextMenu/components/AIDropdown.tsx", "TypeScript JSX", 0, 0, 0, 0, 0, 115, 0, 0, 0, 0, 0, 0, 0, 0, 19, 4, 138
"/Users/helen/Coding/finpanel_web/frontend/src/components/menus/TextMenu/components/ContentTypePicker.tsx", "TypeScript JSX", 0, 0, 0, 0, 0, 62, 0, 0, 0, 0, 0, 0, 0, 0, 0, 8, 70
"/Users/helen/Coding/finpanel_web/frontend/src/components/menus/TextMenu/components/EditLinkPopover.tsx", "TypeScript JSX", 0, 0, 0, 0, 0, 21, 0, 0, 0, 0, 0, 0, 0, 0, 0, 3, 24
"/Users/helen/Coding/finpanel_web/frontend/src/components/menus/TextMenu/components/FontFamilyPicker.tsx", "TypeScript JSX", 0, 0, 0, 0, 0, 69, 0, 0, 0, 0, 0, 0, 0, 0, 0, 7, 76
"/Users/helen/Coding/finpanel_web/frontend/src/components/menus/TextMenu/components/FontSizePicker.tsx", "TypeScript JSX", 0, 0, 0, 0, 0, 45, 0, 0, 0, 0, 0, 0, 0, 0, 0, 6, 51
"/Users/helen/Coding/finpanel_web/frontend/src/components/menus/TextMenu/hooks/useTextmenuCommands.ts", "TypeScript", 56, 0, 0, 0, 0, 0, 0, 0, 0, 0, 0, 0, 0, 0, 31, 9, 96
"/Users/helen/Coding/finpanel_web/frontend/src/components/menus/TextMenu/hooks/useTextmenuContentTypes.ts", "TypeScript", 95, 0, 0, 0, 0, 0, 0, 0, 0, 0, 0, 0, 0, 0, 14, 3, 112
"/Users/helen/Coding/finpanel_web/frontend/src/components/menus/TextMenu/hooks/useTextmenuStates.ts", "TypeScript", 40, 0, 0, 0, 0, 0, 0, 0, 0, 0, 0, 0, 0, 0, 0, 6, 46
"/Users/helen/Coding/finpanel_web/frontend/src/components/menus/TextMenu/index.tsx", "TypeScript JSX", 0, 0, 0, 0, 0, 1, 0, 0, 0, 0, 0, 0, 0, 0, 0, 1, 2
"/Users/helen/Coding/finpanel_web/frontend/src/components/menus/index.ts", "TypeScript", 3, 0, 0, 0, 0, 0, 0, 0, 0, 0, 0, 0, 0, 0, 0, 1, 4
"/Users/helen/Coding/finpanel_web/frontend/src/components/menus/types.ts", "TypeScript", 18, 0, 0, 0, 0, 0, 0, 0, 0, 0, 0, 0, 0, 0, 0, 3, 21
"/Users/helen/Coding/finpanel_web/frontend/src/components/navBar/NavBar.tsx", "TypeScript JSX", 0, 0, 0, 0, 0, 105, 0, 0, 0, 0, 0, 0, 0, 0, 1, 2, 108
"/Users/helen/Coding/finpanel_web/frontend/src/components/panels/Colorpicker/ColorButton.tsx", "TypeScript JSX", 0, 0, 0, 0, 0, 30, 0, 0, 0, 0, 0, 0, 0, 0, 0, 6, 36
"/Users/helen/Coding/finpanel_web/frontend/src/components/panels/Colorpicker/Colorpicker.tsx", "TypeScript JSX", 0, 0, 0, 0, 0, 55, 0, 0, 0, 0, 0, 0, 0, 0, 0, 9, 64
"/Users/helen/Coding/finpanel_web/frontend/src/components/panels/Colorpicker/index.tsx", "TypeScript JSX", 0, 0, 0, 0, 0, 1, 0, 0, 0, 0, 0, 0, 0, 0, 0, 1, 2
"/Users/helen/Coding/finpanel_web/frontend/src/components/panels/LinkEditorPanel/LinkEditorPanel.tsx", "TypeScript JSX", 0, 0, 0, 0, 0, 86, 0, 0, 0, 0, 0, 0, 0, 0, 0, 9, 95
"/Users/helen/Coding/finpanel_web/frontend/src/components/panels/LinkEditorPanel/index.tsx", "TypeScript JSX", 0, 0, 0, 0, 0, 1, 0, 0, 0, 0, 0, 0, 0, 0, 0, 1, 2
"/Users/helen/Coding/finpanel_web/frontend/src/components/panels/LinkPreviewPanel/LinkPreviewPanel.tsx", "TypeScript JSX", 0, 0, 0, 0, 0, 38, 0, 0, 0, 0, 0, 0, 0, 0, 0, 3, 41
"/Users/helen/Coding/finpanel_web/frontend/src/components/panels/LinkPreviewPanel/index.tsx", "TypeScript JSX", 0, 0, 0, 0, 0, 1, 0, 0, 0, 0, 0, 0, 0, 0, 0, 1, 2
"/Users/helen/Coding/finpanel_web/frontend/src/components/panels/index.tsx", "TypeScript JSX", 0, 0, 0, 0, 0, 3, 0, 0, 0, 0, 0, 0, 0, 0, 0, 1, 4
"/Users/helen/Coding/finpanel_web/frontend/src/components/pdf-viewer/PdfOptionsBar.tsx", "TypeScript JSX", 0, 0, 0, 0, 0, 168, 0, 0, 0, 0, 0, 0, 0, 0, 1, 11, 180
"/Users/helen/Coding/finpanel_web/frontend/src/components/pdf-viewer/ViewPdf.tsx", "TypeScript JSX", 0, 0, 0, 0, 0, 60, 0, 0, 0, 0, 0, 0, 0, 0, 1, 5, 66
"/Users/helen/Coding/finpanel_web/frontend/src/components/pdf-viewer/VirtualizedPdf.tsx", "TypeScript JSX", 0, 0, 0, 0, 0, 321, 0, 0, 0, 0, 0, 0, 0, 0, 27, 41, 389
"/Users/helen/Coding/finpanel_web/frontend/src/components/pdf-viewer/pdfDisplayConstants.tsx", "TypeScript JSX", 0, 0, 0, 0, 0, 8, 0, 0, 0, 0, 0, 0, 0, 0, 2, 2, 12
"/Users/helen/Coding/finpanel_web/frontend/src/components/ui/Dropdown/Dropdown.tsx", "TypeScript JSX", 0, 0, 0, 0, 0, 35, 0, 0, 0, 0, 0, 0, 0, 0, 0, 4, 39
"/Users/helen/Coding/finpanel_web/frontend/src/components/ui/Dropdown/index.tsx", "TypeScript JSX", 0, 0, 0, 0, 0, 1, 0, 0, 0, 0, 0, 0, 0, 0, 0, 1, 2
"/Users/helen/Coding/finpanel_web/frontend/src/components/ui/Icon.tsx", "TypeScript JSX", 0, 0, 0, 0, 0, 16, 0, 0, 0, 0, 0, 0, 0, 0, 0, 6, 22
"/Users/helen/Coding/finpanel_web/frontend/src/components/ui/Loader/Loader.tsx", "TypeScript JSX", 0, 0, 0, 0, 0, 34, 0, 0, 0, 0, 0, 0, 0, 0, 0, 5, 39
"/Users/helen/Coding/finpanel_web/frontend/src/components/ui/Loader/index.ts", "TypeScript", 1, 0, 0, 0, 0, 0, 0, 0, 0, 0, 0, 0, 0, 0, 0, 1, 2
"/Users/helen/Coding/finpanel_web/frontend/src/components/ui/Loader/types.ts", "TypeScript", 6, 0, 0, 0, 0, 0, 0, 0, 0, 0, 0, 0, 0, 0, 0, 2, 8
"/Users/helen/Coding/finpanel_web/frontend/src/components/ui/OldCombobox/Combobox.tsx", "TypeScript JSX", 0, 0, 0, 0, 0, 128, 0, 0, 0, 0, 0, 0, 0, 0, 18, 9, 155
"/Users/helen/Coding/finpanel_web/frontend/src/components/ui/OldCombobox/index.ts", "TypeScript", 1, 0, 0, 0, 0, 0, 0, 0, 0, 0, 0, 0, 0, 0, 0, 1, 2
"/Users/helen/Coding/finpanel_web/frontend/src/components/ui/Panel/index.tsx", "TypeScript JSX", 0, 0, 0, 0, 0, 83, 0, 0, 0, 0, 0, 0, 0, 0, 0, 26, 109
"/Users/helen/Coding/finpanel_web/frontend/src/components/ui/PopoverMenu.tsx", "TypeScript JSX", 0, 0, 0, 0, 0, 119, 0, 0, 0, 0, 0, 0, 0, 0, 1, 13, 133
"/Users/helen/Coding/finpanel_web/frontend/src/components/ui/Spinner/Spinner.tsx", "TypeScript JSX", 0, 0, 0, 0, 0, 7, 0, 0, 0, 0, 0, 0, 0, 0, 0, 4, 11
"/Users/helen/Coding/finpanel_web/frontend/src/components/ui/Spinner/index.tsx", "TypeScript JSX", 0, 0, 0, 0, 0, 1, 0, 0, 0, 0, 0, 0, 0, 0, 0, 1, 2
"/Users/helen/Coding/finpanel_web/frontend/src/components/ui/Surface.tsx", "TypeScript JSX", 0, 0, 0, 0, 0, 27, 0, 0, 0, 0, 0, 0, 0, 0, 0, 5, 32
"/Users/helen/Coding/finpanel_web/frontend/src/components/ui/TipTapButton/TipTapButton.tsx", "TypeScript JSX", 0, 0, 0, 0, 0, 89, 0, 0, 0, 0, 0, 0, 0, 0, 0, 12, 101
"/Users/helen/Coding/finpanel_web/frontend/src/components/ui/TipTapButton/index.tsx", "TypeScript JSX", 0, 0, 0, 0, 0, 1, 0, 0, 0, 0, 0, 0, 0, 0, 0, 1, 2
"/Users/helen/Coding/finpanel_web/frontend/src/components/ui/TipTapTextarea/TipTapTextarea.tsx", "TypeScript JSX", 0, 0, 0, 0, 0, 18, 0, 0, 0, 0, 0, 0, 0, 0, 0, 4, 22
"/Users/helen/Coding/finpanel_web/frontend/src/components/ui/TipTapTextarea/index.tsx", "TypeScript JSX", 0, 0, 0, 0, 0, 1, 0, 0, 0, 0, 0, 0, 0, 0, 0, 1, 2
"/Users/helen/Coding/finpanel_web/frontend/src/components/ui/TipTapToggle/Toggle.tsx", "TypeScript JSX", 0, 0, 0, 0, 0, 50, 0, 0, 0, 0, 0, 0, 0, 0, 0, 7, 57
"/Users/helen/Coding/finpanel_web/frontend/src/components/ui/TipTapToggle/index.tsx", "TypeScript JSX", 0, 0, 0, 0, 0, 1, 0, 0, 0, 0, 0, 0, 0, 0, 0, 1, 2
"/Users/helen/Coding/finpanel_web/frontend/src/components/ui/TipTapTooltip/index.tsx", "TypeScript JSX", 0, 0, 0, 0, 0, 70, 0, 0, 0, 0, 0, 0, 0, 0, 1, 13, 84
"/Users/helen/Coding/finpanel_web/frontend/src/components/ui/TipTapTooltip/types.ts", "TypeScript", 15, 0, 0, 0, 0, 0, 0, 0, 0, 0, 0, 0, 0, 0, 0, 3, 18
"/Users/helen/Coding/finpanel_web/frontend/src/components/ui/Toolbar.tsx", "TypeScript JSX", 0, 0, 0, 0, 0, 109, 0, 0, 0, 0, 0, 0, 0, 0, 0, 17, 126
"/Users/helen/Coding/finpanel_web/frontend/src/components/ui/avatar.tsx", "TypeScript JSX", 0, 0, 0, 0, 0, 44, 0, 0, 0, 0, 0, 0, 0, 0, 0, 7, 51
"/Users/helen/Coding/finpanel_web/frontend/src/components/ui/badge.tsx", "TypeScript JSX", 0, 0, 0, 0, 0, 31, 0, 0, 0, 0, 0, 0, 0, 0, 0, 6, 37
"/Users/helen/Coding/finpanel_web/frontend/src/components/ui/breadcrumb.tsx", "TypeScript JSX", 0, 0, 0, 0, 0, 105, 0, 0, 0, 0, 0, 0, 0, 0, 0, 11, 116
"/Users/helen/Coding/finpanel_web/frontend/src/components/ui/button.tsx", "TypeScript JSX", 0, 0, 0, 0, 0, 52, 0, 0, 0, 0, 0, 0, 0, 0, 0, 6, 58
"/Users/helen/Coding/finpanel_web/frontend/src/components/ui/card.tsx", "TypeScript JSX", 0, 0, 0, 0, 0, 68, 0, 0, 0, 0, 0, 0, 0, 0, 0, 9, 77
"/Users/helen/Coding/finpanel_web/frontend/src/components/ui/data-table.tsx", "TypeScript JSX", 0, 0, 0, 0, 0, 78, 0, 0, 0, 0, 0, 0, 0, 0, 0, 6, 84
"/Users/helen/Coding/finpanel_web/frontend/src/components/ui/dropdown-menu.tsx", "TypeScript JSX", 0, 0, 0, 0, 0, 187, 0, 0, 0, 0, 0, 0, 0, 0, 0, 19, 206
"/Users/helen/Coding/finpanel_web/frontend/src/components/ui/form.tsx", "TypeScript JSX", 0, 0, 0, 0, 0, 154, 0, 0, 0, 0, 0, 0, 0, 0, 0, 26, 180
"/Users/helen/Coding/finpanel_web/frontend/src/components/ui/hover-card.tsx", "TypeScript JSX", 0, 0, 0, 0, 0, 23, 0, 0, 0, 0, 0, 0, 0, 0, 0, 7, 30
"/Users/helen/Coding/finpanel_web/frontend/src/components/ui/input-otp.tsx", "TypeScript JSX", 0, 0, 0, 0, 0, 63, 0, 0, 0, 0, 0, 0, 0, 0, 0, 9, 72
"/Users/helen/Coding/finpanel_web/frontend/src/components/ui/input.tsx", "TypeScript JSX", 0, 0, 0, 0, 0, 21, 0, 0, 0, 0, 0, 0, 0, 0, 0, 5, 26
"/Users/helen/Coding/finpanel_web/frontend/src/components/ui/label.tsx", "TypeScript JSX", 0, 0, 0, 0, 0, 21, 0, 0, 0, 0, 0, 0, 0, 0, 0, 6, 27
"/Users/helen/Coding/finpanel_web/frontend/src/components/ui/menubar.tsx", "TypeScript JSX", 0, 0, 0, 0, 0, 221, 0, 0, 0, 0, 0, 0, 0, 0, 0, 20, 241
"/Users/helen/Coding/finpanel_web/frontend/src/components/ui/popover.tsx", "TypeScript JSX", 0, 0, 0, 0, 0, 26, 0, 0, 0, 0, 0, 0, 0, 0, 0, 8, 34
"/Users/helen/Coding/finpanel_web/frontend/src/components/ui/progress.tsx", "TypeScript JSX", 0, 0, 0, 0, 0, 24, 0, 0, 0, 0, 0, 0, 0, 0, 0, 5, 29
"/Users/helen/Coding/finpanel_web/frontend/src/components/ui/resizable.tsx", "TypeScript JSX", 0, 0, 0, 0, 0, 39, 0, 0, 0, 0, 0, 0, 0, 0, 0, 7, 46
"/Users/helen/Coding/finpanel_web/frontend/src/components/ui/scroll-area.tsx", "TypeScript JSX", 0, 0, 0, 0, 0, 43, 0, 0, 0, 0, 0, 0, 0, 0, 0, 6, 49
"/Users/helen/Coding/finpanel_web/frontend/src/components/ui/select.tsx", "TypeScript JSX", 0, 0, 0, 0, 0, 151, 0, 0, 0, 0, 0, 0, 0, 0, 0, 14, 165
"/Users/helen/Coding/finpanel_web/frontend/src/components/ui/separator.tsx", "TypeScript JSX", 0, 0, 0, 0, 0, 27, 0, 0, 0, 0, 0, 0, 0, 0, 0, 5, 32
"/Users/helen/Coding/finpanel_web/frontend/src/components/ui/skeleton.tsx", "TypeScript JSX", 0, 0, 0, 0, 0, 13, 0, 0, 0, 0, 0, 0, 0, 0, 0, 3, 16
"/Users/helen/Coding/finpanel_web/frontend/src/components/ui/sonner.tsx", "TypeScript JSX", 0, 0, 0, 0, 0, 26, 0, 0, 0, 0, 0, 0, 0, 0, 0, 6, 32
"/Users/helen/Coding/finpanel_web/frontend/src/components/ui/switch.tsx", "TypeScript JSX", 0, 0, 0, 0, 0, 25, 0, 0, 0, 0, 0, 0, 0, 0, 0, 5, 30
"/Users/helen/Coding/finpanel_web/frontend/src/components/ui/table.tsx", "TypeScript JSX", 0, 0, 0, 0, 0, 110, 0, 0, 0, 0, 0, 0, 0, 0, 0, 11, 121
"/Users/helen/Coding/finpanel_web/frontend/src/components/ui/tabs.tsx", "TypeScript JSX", 0, 0, 0, 0, 0, 48, 0, 0, 0, 0, 0, 0, 0, 0, 0, 8, 56
"/Users/helen/Coding/finpanel_web/frontend/src/components/ui/textarea.tsx", "TypeScript JSX", 0, 0, 0, 0, 0, 20, 0, 0, 0, 0, 0, 0, 0, 0, 0, 5, 25
"/Users/helen/Coding/finpanel_web/frontend/src/components/ui/toast.tsx", "TypeScript JSX", 0, 0, 0, 0, 0, 116, 0, 0, 0, 0, 0, 0, 0, 0, 0, 14, 130
"/Users/helen/Coding/finpanel_web/frontend/src/components/ui/toaster.tsx", "TypeScript JSX", 0, 0, 0, 0, 0, 32, 0, 0, 0, 0, 0, 0, 0, 0, 0, 4, 36
"/Users/helen/Coding/finpanel_web/frontend/src/components/ui/toggle-group.tsx", "TypeScript JSX", 0, 0, 0, 0, 0, 52, 0, 0, 0, 0, 0, 0, 0, 0, 0, 10, 62
"/Users/helen/Coding/finpanel_web/frontend/src/components/ui/toggle.tsx", "TypeScript JSX", 0, 0, 0, 0, 0, 39, 0, 0, 0, 0, 0, 0, 0, 0, 0, 7, 46
"/Users/helen/Coding/finpanel_web/frontend/src/components/ui/tooltip.tsx", "TypeScript JSX", 0, 0, 0, 0, 0, 23, 0, 0, 0, 0, 0, 0, 0, 0, 0, 8, 31
"/Users/helen/Coding/finpanel_web/frontend/src/components/ui/use-toast.ts", "TypeScript", 160, 0, 0, 0, 0, 0, 0, 0, 0, 0, 0, 0, 0, 0, 3, 32, 195
"/Users/helen/Coding/finpanel_web/frontend/src/extensions/AiGenerator/AiGenerator.tsx", "TypeScript JSX", 0, 0, 0, 0, 0, 95, 0, 0, 0, 0, 0, 0, 0, 0, 0, 12, 107
"/Users/helen/Coding/finpanel_web/frontend/src/extensions/AiGenerator/components/AiGeneratorView.tsx", "TypeScript JSX", 0, 0, 0, 0, 0, 162, 0, 0, 0, 0, 0, 0, 0, 0, 189, 25, 376
"/Users/helen/Coding/finpanel_web/frontend/src/extensions/AiGenerator/index.ts", "TypeScript", 1, 0, 0, 0, 0, 0, 0, 0, 0, 0, 0, 0, 0, 0, 0, 0, 1
"/Users/helen/Coding/finpanel_web/frontend/src/extensions/AiImage/AiImage.tsx", "TypeScript JSX", 0, 0, 0, 0, 0, 81, 0, 0, 0, 0, 0, 0, 0, 0, 4, 13, 98
"/Users/helen/Coding/finpanel_web/frontend/src/extensions/AiImage/components/AiImageView.tsx", "TypeScript JSX", 0, 0, 0, 0, 0, 0, 0, 0, 0, 0, 0, 0, 0, 0, 190, 25, 215
"/Users/helen/Coding/finpanel_web/frontend/src/extensions/AiImage/index.ts", "TypeScript", 1, 0, 0, 0, 0, 0, 0, 0, 0, 0, 0, 0, 0, 0, 0, 1, 2
"/Users/helen/Coding/finpanel_web/frontend/src/extensions/AiWriter/AiWriter.tsx", "TypeScript JSX", 0, 0, 0, 0, 0, 81, 0, 0, 0, 0, 0, 0, 0, 0, 4, 13, 98
"/Users/helen/Coding/finpanel_web/frontend/src/extensions/AiWriter/components/AiWriterView.tsx", "TypeScript JSX", 0, 0, 0, 0, 0, 187, 0, 0, 0, 0, 0, 0, 0, 0, 30, 26, 243
"/Users/helen/Coding/finpanel_web/frontend/src/extensions/AiWriter/index.ts", "TypeScript", 1, 0, 0, 0, 0, 0, 0, 0, 0, 0, 0, 0, 0, 0, 0, 1, 2
"/Users/helen/Coding/finpanel_web/frontend/src/extensions/Citation/Citation.tsx", "TypeScript JSX", 0, 0, 0, 0, 0, 64, 0, 0, 0, 0, 0, 0, 0, 0, 12, 13, 89
"/Users/helen/Coding/finpanel_web/frontend/src/extensions/Citation/index.ts", "TypeScript", 1, 0, 0, 0, 0, 0, 0, 0, 0, 0, 0, 0, 0, 0, 0, 1, 2
"/Users/helen/Coding/finpanel_web/frontend/src/extensions/Document/Document.ts", "TypeScript", 5, 0, 0, 0, 0, 0, 0, 0, 0, 0, 0, 0, 0, 0, 0, 3, 8
"/Users/helen/Coding/finpanel_web/frontend/src/extensions/Document/index.ts", "TypeScript", 1, 0, 0, 0, 0, 0, 0, 0, 0, 0, 0, 0, 0, 0, 0, 1, 2
"/Users/helen/Coding/finpanel_web/frontend/src/extensions/Figcaption/Figcaption.ts", "TypeScript", 64, 0, 0, 0, 0, 0, 0, 0, 0, 0, 0, 0, 0, 0, 4, 23, 91
"/Users/helen/Coding/finpanel_web/frontend/src/extensions/Figcaption/index.ts", "TypeScript", 1, 0, 0, 0, 0, 0, 0, 0, 0, 0, 0, 0, 0, 0, 0, 1, 2
"/Users/helen/Coding/finpanel_web/frontend/src/extensions/Figure/Figure.ts", "TypeScript", 47, 0, 0, 0, 0, 0, 0, 0, 0, 0, 0, 0, 0, 0, 1, 15, 63
"/Users/helen/Coding/finpanel_web/frontend/src/extensions/Figure/index.ts", "TypeScript", 1, 0, 0, 0, 0, 0, 0, 0, 0, 0, 0, 0, 0, 0, 0, 1, 2
"/Users/helen/Coding/finpanel_web/frontend/src/extensions/FontSize/FontSize.ts", "TypeScript", 57, 0, 0, 0, 0, 0, 0, 0, 0, 0, 0, 0, 0, 0, 0, 8, 65
"/Users/helen/Coding/finpanel_web/frontend/src/extensions/FontSize/index.ts", "TypeScript", 1, 0, 0, 0, 0, 0, 0, 0, 0, 0, 0, 0, 0, 0, 0, 1, 2
"/Users/helen/Coding/finpanel_web/frontend/src/extensions/Heading/Heading.ts", "TypeScript", 12, 0, 0, 0, 0, 0, 0, 0, 0, 0, 0, 0, 0, 0, 0, 4, 16
"/Users/helen/Coding/finpanel_web/frontend/src/extensions/Heading/index.ts", "TypeScript", 1, 0, 0, 0, 0, 0, 0, 0, 0, 0, 0, 0, 0, 0, 0, 1, 2
"/Users/helen/Coding/finpanel_web/frontend/src/extensions/HorizontalRule/HorizontalRule.ts", "TypeScript", 8, 0, 0, 0, 0, 0, 0, 0, 0, 0, 0, 0, 0, 0, 0, 3, 11
"/Users/helen/Coding/finpanel_web/frontend/src/extensions/HorizontalRule/index.ts", "TypeScript", 1, 0, 0, 0, 0, 0, 0, 0, 0, 0, 0, 0, 0, 0, 0, 1, 2
"/Users/helen/Coding/finpanel_web/frontend/src/extensions/Image/Image.ts", "TypeScript", 5, 0, 0, 0, 0, 0, 0, 0, 0, 0, 0, 0, 0, 0, 0, 3, 8
"/Users/helen/Coding/finpanel_web/frontend/src/extensions/Image/index.ts", "TypeScript", 1, 0, 0, 0, 0, 0, 0, 0, 0, 0, 0, 0, 0, 0, 0, 1, 2
"/Users/helen/Coding/finpanel_web/frontend/src/extensions/ImageBlock/ImageBlock.ts", "TypeScript", 88, 0, 0, 0, 0, 0, 0, 0, 0, 0, 0, 0, 0, 0, 0, 16, 104
"/Users/helen/Coding/finpanel_web/frontend/src/extensions/ImageBlock/components/ImageBlockMenu.tsx", "TypeScript JSX", 0, 0, 0, 0, 0, 111, 0, 0, 0, 0, 0, 0, 0, 0, 0, 13, 124
"/Users/helen/Coding/finpanel_web/frontend/src/extensions/ImageBlock/components/ImageBlockView.tsx", "TypeScript JSX", 0, 0, 0, 0, 0, 52, 0, 0, 0, 0, 0, 0, 0, 0, 1, 11, 64
"/Users/helen/Coding/finpanel_web/frontend/src/extensions/ImageBlock/components/ImageBlockWidth.tsx", "TypeScript JSX", 0, 0, 0, 0, 0, 32, 0, 0, 0, 0, 0, 0, 0, 0, 0, 7, 39
"/Users/helen/Coding/finpanel_web/frontend/src/extensions/ImageBlock/index.ts", "TypeScript", 1, 0, 0, 0, 0, 0, 0, 0, 0, 0, 0, 0, 0, 0, 0, 1, 2
"/Users/helen/Coding/finpanel_web/frontend/src/extensions/ImageUpload/ImageUpload.ts", "TypeScript", 40, 0, 0, 0, 0, 0, 0, 0, 0, 0, 0, 0, 0, 0, 0, 14, 54
"/Users/helen/Coding/finpanel_web/frontend/src/extensions/ImageUpload/index.ts", "TypeScript", 1, 0, 0, 0, 0, 0, 0, 0, 0, 0, 0, 0, 0, 0, 0, 1, 2
"/Users/helen/Coding/finpanel_web/frontend/src/extensions/ImageUpload/view/ImageUpload.tsx", "TypeScript JSX", 0, 0, 0, 0, 0, 21, 0, 0, 0, 0, 0, 0, 0, 0, 0, 5, 26
"/Users/helen/Coding/finpanel_web/frontend/src/extensions/ImageUpload/view/ImageUploader.tsx", "TypeScript JSX", 0, 0, 0, 0, 0, 71, 0, 0, 0, 0, 0, 0, 0, 0, 0, 6, 77
"/Users/helen/Coding/finpanel_web/frontend/src/extensions/ImageUpload/view/hooks.ts", "TypeScript", 88, 0, 0, 0, 0, 0, 0, 0, 0, 0, 0, 0, 0, 0, 0, 25, 113
"/Users/helen/Coding/finpanel_web/frontend/src/extensions/ImageUpload/view/index.tsx", "TypeScript JSX", 0, 0, 0, 0, 0, 1, 0, 0, 0, 0, 0, 0, 0, 0, 0, 1, 2
"/Users/helen/Coding/finpanel_web/frontend/src/extensions/Link/Link.ts", "TypeScript", 31, 0, 0, 0, 0, 0, 0, 0, 0, 0, 0, 0, 0, 0, 0, 9, 40
"/Users/helen/Coding/finpanel_web/frontend/src/extensions/Link/index.ts", "TypeScript", 1, 0, 0, 0, 0, 0, 0, 0, 0, 0, 0, 0, 0, 0, 0, 1, 2
"/Users/helen/Coding/finpanel_web/frontend/src/extensions/MultiColumn/Column.ts", "TypeScript", 26, 0, 0, 0, 0, 0, 0, 0, 0, 0, 0, 0, 0, 0, 0, 8, 34
"/Users/helen/Coding/finpanel_web/frontend/src/extensions/MultiColumn/Columns.ts", "TypeScript", 53, 0, 0, 0, 0, 0, 0, 0, 0, 0, 0, 0, 0, 0, 0, 13, 66
"/Users/helen/Coding/finpanel_web/frontend/src/extensions/MultiColumn/index.ts", "TypeScript", 2, 0, 0, 0, 0, 0, 0, 0, 0, 0, 0, 0, 0, 0, 0, 1, 3
"/Users/helen/Coding/finpanel_web/frontend/src/extensions/MultiColumn/menus/ColumnsMenu.tsx", "TypeScript JSX", 0, 0, 0, 0, 0, 80, 0, 0, 0, 0, 0, 0, 0, 0, 0, 10, 90
"/Users/helen/Coding/finpanel_web/frontend/src/extensions/MultiColumn/menus/index.ts", "TypeScript", 1, 0, 0, 0, 0, 0, 0, 0, 0, 0, 0, 0, 0, 0, 0, 1, 2
"/Users/helen/Coding/finpanel_web/frontend/src/extensions/Selection/Selection.ts", "TypeScript", 30, 0, 0, 0, 0, 0, 0, 0, 0, 0, 0, 0, 0, 0, 0, 7, 37
"/Users/helen/Coding/finpanel_web/frontend/src/extensions/Selection/index.ts", "TypeScript", 1, 0, 0, 0, 0, 0, 0, 0, 0, 0, 0, 0, 0, 0, 0, 1, 2
"/Users/helen/Coding/finpanel_web/frontend/src/extensions/SlashCommand/CommandButton.tsx", "TypeScript JSX", 0, 0, 0, 0, 0, 29, 0, 0, 0, 0, 0, 0, 0, 0, 0, 5, 34
"/Users/helen/Coding/finpanel_web/frontend/src/extensions/SlashCommand/MenuList.tsx", "TypeScript JSX", 0, 0, 0, 0, 0, 117, 0, 0, 0, 0, 0, 0, 0, 0, 2, 29, 148
"/Users/helen/Coding/finpanel_web/frontend/src/extensions/SlashCommand/SlashCommand.ts", "TypeScript", 205, 0, 0, 0, 0, 0, 0, 0, 0, 0, 0, 0, 0, 0, 4, 51, 260
"/Users/helen/Coding/finpanel_web/frontend/src/extensions/SlashCommand/groups.ts", "TypeScript", 173, 0, 0, 0, 0, 0, 0, 0, 0, 0, 0, 0, 0, 0, 2, 5, 180
"/Users/helen/Coding/finpanel_web/frontend/src/extensions/SlashCommand/index.ts", "TypeScript", 1, 0, 0, 0, 0, 0, 0, 0, 0, 0, 0, 0, 0, 0, 0, 1, 2
"/Users/helen/Coding/finpanel_web/frontend/src/extensions/SlashCommand/types.ts", "TypeScript", 21, 0, 0, 0, 0, 0, 0, 0, 0, 0, 0, 0, 0, 0, 0, 5, 26
"/Users/helen/Coding/finpanel_web/frontend/src/extensions/Table/Cell.ts", "TypeScript", 100, 0, 0, 0, 0, 0, 0, 0, 0, 0, 0, 0, 0, 0, 0, 26, 126
"/Users/helen/Coding/finpanel_web/frontend/src/extensions/Table/Header.ts", "TypeScript", 73, 0, 0, 0, 0, 0, 0, 0, 0, 0, 0, 0, 0, 0, 0, 17, 90
"/Users/helen/Coding/finpanel_web/frontend/src/extensions/Table/Row.ts", "TypeScript", 6, 0, 0, 0, 0, 0, 0, 0, 0, 0, 0, 0, 0, 0, 0, 3, 9
"/Users/helen/Coding/finpanel_web/frontend/src/extensions/Table/Table.ts", "TypeScript", 3, 0, 0, 0, 0, 0, 0, 0, 0, 0, 0, 0, 0, 0, 0, 3, 6
"/Users/helen/Coding/finpanel_web/frontend/src/extensions/Table/index.ts", "TypeScript", 4, 0, 0, 0, 0, 0, 0, 0, 0, 0, 0, 0, 0, 0, 0, 1, 5
"/Users/helen/Coding/finpanel_web/frontend/src/extensions/Table/menus/TableColumn/index.tsx", "TypeScript JSX", 0, 0, 0, 0, 0, 62, 0, 0, 0, 0, 0, 0, 0, 0, 0, 10, 72
"/Users/helen/Coding/finpanel_web/frontend/src/extensions/Table/menus/TableColumn/utils.ts", "TypeScript", 30, 0, 0, 0, 0, 0, 0, 0, 0, 0, 0, 0, 0, 0, 0, 9, 39
"/Users/helen/Coding/finpanel_web/frontend/src/extensions/Table/menus/TableRow/index.tsx", "TypeScript JSX", 0, 0, 0, 0, 0, 63, 0, 0, 0, 0, 0, 0, 0, 0, 0, 10, 73
"/Users/helen/Coding/finpanel_web/frontend/src/extensions/Table/menus/TableRow/utils.ts", "TypeScript", 30, 0, 0, 0, 0, 0, 0, 0, 0, 0, 0, 0, 0, 0, 0, 9, 39
"/Users/helen/Coding/finpanel_web/frontend/src/extensions/Table/menus/index.tsx", "TypeScript JSX", 0, 0, 0, 0, 0, 2, 0, 0, 0, 0, 0, 0, 0, 0, 0, 1, 3
"/Users/helen/Coding/finpanel_web/frontend/src/extensions/Table/utils.ts", "TypeScript", 201, 0, 0, 0, 0, 0, 0, 0, 0, 0, 0, 0, 0, 0, 4, 50, 255
"/Users/helen/Coding/finpanel_web/frontend/src/extensions/TableOfContentsNode/TableOfContentsNode.tsx", "TypeScript JSX", 0, 0, 0, 0, 0, 52, 0, 0, 0, 0, 0, 0, 0, 0, 0, 9, 61
"/Users/helen/Coding/finpanel_web/frontend/src/extensions/TableOfContentsNode/index.ts", "TypeScript", 1, 0, 0, 0, 0, 0, 0, 0, 0, 0, 0, 0, 0, 0, 0, 1, 2
"/Users/helen/Coding/finpanel_web/frontend/src/extensions/TrailingNode/index.ts", "TypeScript", 1, 0, 0, 0, 0, 0, 0, 0, 0, 0, 0, 0, 0, 0, 0, 1, 2
"/Users/helen/Coding/finpanel_web/frontend/src/extensions/TrailingNode/trailing-node.ts", "TypeScript", 54, 0, 0, 0, 0, 0, 0, 0, 0, 0, 0, 0, 0, 0, 7, 13, 74
"/Users/helen/Coding/finpanel_web/frontend/src/extensions/extension-kit.ts", "TypeScript", 120, 0, 0, 0, 0, 0, 0, 0, 0, 0, 0, 0, 0, 0, 9, 5, 134
"/Users/helen/Coding/finpanel_web/frontend/src/extensions/index.ts", "TypeScript", 35, 0, 0, 0, 0, 0, 0, 0, 0, 0, 0, 0, 0, 0, 2, 2, 39
"/Users/helen/Coding/finpanel_web/frontend/src/hooks/useBlockEditor.ts", "TypeScript", 65, 0, 0, 0, 0, 0, 0, 0, 0, 0, 0, 0, 0, 0, 24, 16, 105
"/Users/helen/Coding/finpanel_web/frontend/src/hooks/usePdfViewer.tsx", "TypeScript JSX", 0, 0, 0, 0, 0, 116, 0, 0, 0, 0, 0, 0, 0, 0, 1, 21, 138
"/Users/helen/Coding/finpanel_web/frontend/src/lib/api.ts", "TypeScript", 25, 0, 0, 0, 0, 0, 0, 0, 0, 0, 0, 0, 0, 0, 113, 23, 161
"/Users/helen/Coding/finpanel_web/frontend/src/lib/constants.ts", "TypeScript", 8, 0, 0, 0, 0, 0, 0, 0, 0, 0, 0, 0, 0, 0, 0, 1, 9
"/Users/helen/Coding/finpanel_web/frontend/src/lib/data/daily_ibm_full.ts", "TypeScript", 43068, 0, 0, 0, 0, 0, 0, 0, 0, 0, 0, 0, 0, 0, 0, 0, 43068
"/Users/helen/Coding/finpanel_web/frontend/src/lib/data/earnings_ibm.ts", "TypeScript", 1019, 0, 0, 0, 0, 0, 0, 0, 0, 0, 0, 0, 0, 0, 0, 1, 1020
"/Users/helen/Coding/finpanel_web/frontend/src/lib/data/income_statement_ibm.ts", "TypeScript", 2079, 0, 0, 0, 0, 0, 0, 0, 0, 0, 0, 0, 0, 0, 0, 1, 2080
"/Users/helen/Coding/finpanel_web/frontend/src/lib/data/initialContent.ts", "TypeScript", 748, 0, 0, 0, 0, 0, 0, 0, 0, 0, 0, 0, 0, 0, 0, 2, 750
"/Users/helen/Coding/finpanel_web/frontend/src/lib/data/newAmazonReport.tsx", "TypeScript JSX", 0, 0, 0, 0, 0, 843, 0, 0, 0, 0, 0, 0, 0, 0, 0, 3, 846
"/Users/helen/Coding/finpanel_web/frontend/src/lib/data/tickers.ts", "TypeScript", 30, 0, 0, 0, 0, 0, 0, 0, 0, 0, 0, 0, 0, 0, 0, 2, 32
"/Users/helen/Coding/finpanel_web/frontend/src/lib/data/weekly_ibm.ts", "TypeScript", 8935, 0, 0, 0, 0, 0, 0, 0, 0, 0, 0, 0, 0, 0, 0, 1, 8936
"/Users/helen/Coding/finpanel_web/frontend/src/lib/queries.ts", "TypeScript", 12, 0, 0, 0, 0, 0, 0, 0, 0, 0, 0, 0, 0, 0, 0, 3, 15
"/Users/helen/Coding/finpanel_web/frontend/src/lib/supabase/client.ts", "TypeScript", 7, 0, 0, 0, 0, 0, 0, 0, 0, 0, 0, 0, 0, 0, 0, 2, 9
"/Users/helen/Coding/finpanel_web/frontend/src/lib/supabase/database.types.ts", "TypeScript", 266, 0, 0, 0, 0, 0, 0, 0, 0, 0, 0, 0, 0, 0, 0, 7, 273
"/Users/helen/Coding/finpanel_web/frontend/src/lib/supabase/middleware.ts", "TypeScript", 64, 0, 0, 0, 0, 0, 0, 0, 0, 0, 0, 0, 0, 0, 10, 5, 79
"/Users/helen/Coding/finpanel_web/frontend/src/lib/supabase/server.ts", "TypeScript", 29, 0, 0, 0, 0, 0, 0, 0, 0, 0, 0, 0, 0, 0, 6, 3, 38
"/Users/helen/Coding/finpanel_web/frontend/src/lib/utils.ts", "TypeScript", 5, 0, 0, 0, 0, 0, 0, 0, 0, 0, 0, 0, 0, 0, 0, 2, 7
"/Users/helen/Coding/finpanel_web/frontend/src/lib/utils/cssVar.ts", "TypeScript", 11, 0, 0, 0, 0, 0, 0, 0, 0, 0, 0, 0, 0, 0, 0, 4, 15
"/Users/helen/Coding/finpanel_web/frontend/src/lib/utils/database.types.ts", "TypeScript", 266, 0, 0, 0, 0, 0, 0, 0, 0, 0, 0, 0, 0, 0, 0, 7, 273
"/Users/helen/Coding/finpanel_web/frontend/src/lib/utils/formatText.ts", "TypeScript", 49, 0, 0, 0, 0, 0, 0, 0, 0, 0, 0, 0, 0, 0, 2, 9, 60
"/Users/helen/Coding/finpanel_web/frontend/src/lib/utils/getRenderContainer.ts", "TypeScript", 33, 0, 0, 0, 0, 0, 0, 0, 0, 0, 0, 0, 0, 0, 2, 9, 44
"/Users/helen/Coding/finpanel_web/frontend/src/lib/utils/index.ts", "TypeScript", 15, 0, 0, 0, 0, 0, 0, 0, 0, 0, 0, 0, 0, 0, 0, 4, 19
"/Users/helen/Coding/finpanel_web/frontend/src/lib/utils/isCustomNodeSelected.ts", "TypeScript", 49, 0, 0, 0, 0, 0, 0, 0, 0, 0, 0, 0, 0, 0, 0, 10, 59
"/Users/helen/Coding/finpanel_web/frontend/src/lib/utils/isTextSelected.ts", "TypeScript", 17, 0, 0, 0, 0, 0, 0, 0, 0, 0, 0, 0, 0, 0, 3, 6, 26
"/Users/helen/Coding/finpanel_web/frontend/src/lib/utils/multi-line-highlight.ts", "TypeScript", 183, 0, 0, 0, 0, 0, 0, 0, 0, 0, 0, 0, 0, 0, 16, 29, 228
"/Users/helen/Coding/finpanel_web/frontend/src/lib/utils/nanoId.ts", "TypeScript", 5, 0, 0, 0, 0, 0, 0, 0, 0, 0, 0, 0, 0, 0, 0, 2, 7
"/Users/helen/Coding/finpanel_web/frontend/src/providers/store-provider.tsx", "TypeScript JSX", 0, 0, 0, 0, 0, 24, 0, 0, 0, 0, 0, 0, 0, 0, 0, 10, 34
"/Users/helen/Coding/finpanel_web/frontend/src/stores/citations-store.ts", "TypeScript", 25, 0, 0, 0, 0, 0, 0, 0, 0, 0, 0, 0, 0, 0, 2, 5, 32
"/Users/helen/Coding/finpanel_web/frontend/src/stores/documents-store.ts", "TypeScript", 31, 0, 0, 0, 0, 0, 0, 0, 0, 0, 0, 0, 0, 0, 0, 7, 38
"/Users/helen/Coding/finpanel_web/frontend/src/stores/editor-store.ts", "TypeScript", 25, 0, 0, 0, 0, 0, 0, 0, 0, 0, 0, 0, 0, 0, 0, 3, 28
"/Users/helen/Coding/finpanel_web/frontend/src/stores/pdf-store.ts", "TypeScript", 25, 0, 0, 0, 0, 0, 0, 0, 0, 0, 0, 0, 0, 0, 1, 4, 30
"/Users/helen/Coding/finpanel_web/frontend/src/stores/sidebar-tabs-store.ts", "TypeScript", 16, 0, 0, 0, 0, 0, 0, 0, 0, 0, 0, 0, 0, 0, 0, 4, 20
"/Users/helen/Coding/finpanel_web/frontend/src/stores/store.ts", "TypeScript", 37, 0, 0, 0, 0, 0, 0, 0, 0, 0, 0, 0, 0, 0, 5, 3, 45
"/Users/helen/Coding/finpanel_web/frontend/src/styles/index.css", "CSS", 0, 0, 0, 0, 0, 0, 0, 37, 0, 0, 0, 0, 0, 0, 0, 13, 50
"/Users/helen/Coding/finpanel_web/frontend/src/styles/partials/animations.css", "CSS", 0, 0, 0, 0, 0, 0, 0, 37, 0, 0, 0, 0, 0, 0, 0, 3, 40
"/Users/helen/Coding/finpanel_web/frontend/src/styles/partials/blocks.css", "CSS", 0, 0, 0, 0, 0, 0, 0, 41, 0, 0, 0, 0, 0, 0, 6, 15, 62
"/Users/helen/Coding/finpanel_web/frontend/src/styles/partials/code.css", "CSS", 0, 0, 0, 0, 0, 0, 0, 61, 0, 0, 0, 0, 0, 0, 0, 13, 74
"/Users/helen/Coding/finpanel_web/frontend/src/styles/partials/collab.css", "CSS", 0, 0, 0, 0, 0, 0, 0, 10, 0, 0, 0, 0, 0, 0, 0, 2, 12
"/Users/helen/Coding/finpanel_web/frontend/src/styles/partials/lists.css", "CSS", 0, 0, 0, 0, 0, 0, 0, 42, 0, 0, 0, 0, 0, 0, 0, 12, 54
"/Users/helen/Coding/finpanel_web/frontend/src/styles/partials/placeholder.css", "CSS", 0, 0, 0, 0, 0, 0, 0, 20, 0, 0, 0, 0, 0, 0, 3, 5, 28
"/Users/helen/Coding/finpanel_web/frontend/src/styles/partials/table.css", "CSS", 0, 0, 0, 0, 0, 0, 0, 107, 0, 0, 0, 0, 0, 0, 0, 26, 133
"/Users/helen/Coding/finpanel_web/frontend/src/styles/partials/typography.css", "CSS", 0, 0, 0, 0, 0, 0, 0, 70, 0, 0, 0, 0, 0, 0, 0, 19, 89
"/Users/helen/Coding/finpanel_web/frontend/src/types/report.ts", "TypeScript", 27, 0, 0, 0, 0, 0, 0, 0, 0, 0, 0, 0, 0, 0, 0, 5, 32
"/Users/helen/Coding/finpanel_web/frontend/src/types/supabase.ts", "TypeScript", 3, 0, 0, 0, 0, 0, 0, 0, 0, 0, 0, 0, 0, 0, 0, 2, 5
"/Users/helen/Coding/finpanel_web/frontend/tailwind.config.ts", "TypeScript", 78, 0, 0, 0, 0, 0, 0, 0, 0, 0, 0, 0, 0, 0, 0, 3, 81
"/Users/helen/Coding/finpanel_web/frontend/tsconfig.json", "JSON with Comments", 0, 0, 0, 0, 0, 0, 0, 0, 0, 0, 26, 0, 0, 0, 0, 1, 27
"/Users/helen/Coding/finpanel_web/supabase/migrations/20240418061830_create_reports_table.sql", "SQL", 0, 26, 0, 0, 0, 0, 0, 0, 0, 0, 0, 0, 0, 0, 0, 1, 27
"/Users/helen/Coding/finpanel_web/supabase/migrations/20240418063213_remote_schema.sql", "SQL", 0, 29, 0, 0, 0, 0, 0, 0, 0, 0, 0, 0, 0, 0, 0, 30, 59
"/Users/helen/Coding/finpanel_web/supabase/migrations/20240418063432_create_vector_table.sql", "SQL", 0, 29, 0, 0, 0, 0, 0, 0, 0, 0, 0, 0, 0, 0, 1, 5, 35
"/Users/helen/Coding/finpanel_web/supabase/migrations/20240418065307_remote_schema.sql", "SQL", 0, 15, 0, 0, 0, 0, 0, 0, 0, 0, 0, 0, 0, 0, 0, 9, 24
"/Users/helen/Coding/finpanel_web/supabase/seed.sql", "SQL", 0, 0, 0, 0, 0, 0, 0, 0, 0, 0, 0, 0, 0, 0, 0, 1, 1
"Total", "-", 60270, 99, 6352, 2329, 4002, 8809, 23, 560, 82, 10, 32, 33, 163, 2, 1682, 3767, 88215